First Name,Last Name,DOB
Maynard,Wise,1973-06-23
Waldo,Pierrepont,1953-12-25
Rosco,Maskell,2000-02-10
Roxanna,Ivanyushkin,1940-04-03
Thaine,Horsburgh,1976-02-05
Lyndell,Johnke,1941-10-24
Tiphanie,Pimlett,1940-05-20
Sherill,Farran,2015-04-15
Aileen,Loy,1980-01-15
Obidiah,Annakin,2008-07-09
Golda,Kovnot,1928-04-19
Nicoline,Di Biasio,1997-10-30
Akim,Quiddihy,1956-07-14
Gerrie,Camois,1989-12-18
Tanitansy,Stansall,2008-07-31
Tome,Seer,1993-03-25
Corbie,Dentith,1968-06-05
Corine,Chesley,1943-05-16
Quintana,Gumme,1944-09-19
Dolf,Waldren,2007-02-27
Amil,Hansberry,1984-03-02
Steve,Blampy,1957-04-05
Douglass,Mc Meekin,1969-12-15
Winnifred,Portress,2021-02-11
Hardy,Kyttor,1929-04-29
Nert,Dabels,2012-12-10
Agnese,Purchall,1934-12-01
Chelsey,Bauduin,1930-08-10
Zacharias,Schumacher,1973-04-11
Alic,McLewd,1955-01-07
Oby,Fawcett,1924-06-06
Carey,Le Page,1958-07-05
Lonnie,Hovert,1925-09-29
Bambie,Littlefield,1959-04-17
Butch,Ringer,1938-07-24
Cathyleen,Probyn,1930-11-14
Vlad,Denne,1943-08-11
James,Rosenhaus,2001-10-31
Meris,Wyett,2008-11-27
Sileas,Kinsman,2011-08-24
Hilde,Gedge,1991-02-04
Kane,Hubball,1979-10-25
Pam,Aleksankov,1980-10-08
Omar,Hritzko,1985-02-19
Nanny,Inde,1962-01-08
Mervin,Golden,2002-09-20
Conni,Kneller,1972-09-14
Guglielmo,Lanfranconi,1965-01-07
Aili,Hughlin,2013-10-17
Brew,Dignam,1991-08-17